Name, Theo_Area, Wet_Area, Theo_Vol, Wet_Vol
WingGeom,2.292802,2.292802,0.030340,0.030340
Totals,2.292802,2.292802,0.030340,0.030340
